Country,Image,Year,ExposureMean
Afghanistan,AFG,1990,65
Afghanistan,AFG,1995,65
Afghanistan,AFG,2000,65
Afghanistan,AFG,2005,65
Afghanistan,AFG,2010,65
Afghanistan,AFG,2011,67
Afghanistan,AFG,2012,66
Afghanistan,AFG,2013,61
Afghanistan,AFG,2014,59
Afghanistan,AFG,2015,61
Afghanistan,AFG,2016,56
Afghanistan,AFG,2017,57
Albania,ALB,1990,23
Albania,ALB,1995,22
Albania,ALB,2000,22
Albania,ALB,2005,22
Albania,ALB,2010,21
Albania,ALB,2011,23
Albania,ALB,2012,21
Albania,ALB,2013,20
Albania,ALB,2014,19
Albania,ALB,2015,20
Albania,ALB,2016,18
Albania,ALB,2017,18
Algeria,DZA,1990,37
Algeria,DZA,1995,36
Algeria,DZA,2000,38
Algeria,DZA,2005,36
Algeria,DZA,2010,34
Algeria,DZA,2011,34
Algeria,DZA,2012,33
Algeria,DZA,2013,34
Algeria,DZA,2014,36
Algeria,DZA,2015,36
Algeria,DZA,2016,40
Algeria,DZA,2017,39
American Samoa,ASM,1990,12
American Samoa,ASM,1995,12
American Samoa,ASM,2000,15
American Samoa,ASM,2005,15
American Samoa,ASM,2010,15
American Samoa,ASM,2011,15
American Samoa,ASM,2012,14
American Samoa,ASM,2013,14
American Samoa,ASM,2014,13
American Samoa,ASM,2015,13
American Samoa,ASM,2016,12
American Samoa,ASM,2017,12
Andorra,AND,1990,14
Andorra,AND,1995,14
Andorra,AND,2000,13
Andorra,AND,2005,13
Andorra,AND,2010,13
Andorra,AND,2011,13
Andorra,AND,2012,12
Andorra,AND,2013,12
Andorra,AND,2014,11
Andorra,AND,2015,11
Andorra,AND,2016,10
Andorra,AND,2017,10
Angola,AGO,1990,36
Angola,AGO,1995,36
Angola,AGO,2000,36
Angola,AGO,2005,35
Angola,AGO,2010,34
Angola,AGO,2011,33
Angola,AGO,2012,33
Angola,AGO,2013,35
Angola,AGO,2014,33
Angola,AGO,2015,33
Angola,AGO,2016,32
Angola,AGO,2017,32
Antigua and Barbuda,ATG,1990,22
Antigua and Barbuda,ATG,1995,22
Antigua and Barbuda,ATG,2000,22
Antigua and Barbuda,ATG,2005,22
Antigua and Barbuda,ATG,2010,23
Antigua and Barbuda,ATG,2011,23
Antigua and Barbuda,ATG,2012,21
Antigua and Barbuda,ATG,2013,21
Antigua and Barbuda,ATG,2014,20
Antigua and Barbuda,ATG,2015,20
Antigua and Barbuda,ATG,2016,18
Antigua and Barbuda,ATG,2017,19
Argentina,ARG,1990,16
Argentina,ARG,1995,17
Argentina,ARG,2000,17
Argentina,ARG,2005,16
Argentina,ARG,2010,17
Argentina,ARG,2011,17
Argentina,ARG,2012,16
Argentina,ARG,2013,16
Argentina,ARG,2014,14
Argentina,ARG,2015,15
Argentina,ARG,2016,14
Argentina,ARG,2017,13
Armenia,ARM,1990,37
Armenia,ARM,1995,35
Armenia,ARM,2000,37
Armenia,ARM,2005,37
Armenia,ARM,2010,38
Armenia,ARM,2011,39
Armenia,ARM,2012,37
Armenia,ARM,2013,35
Armenia,ARM,2014,33
Armenia,ARM,2015,35
Armenia,ARM,2016,32
Armenia,ARM,2017,33
Australia,AUS,1990,10
Australia,AUS,1995,10
Australia,AUS,2000,11
Australia,AUS,2005,11
Australia,AUS,2010,11
Australia,AUS,2011,11
Australia,AUS,2012,11
Australia,AUS,2013,10
Australia,AUS,2014,9.5
Australia,AUS,2015,9.3
Australia,AUS,2016,8.6
Australia,AUS,2017,8.6
Austria,AUT,1990,17
Austria,AUT,1995,16
Austria,AUT,2000,15
Austria,AUT,2005,16
Austria,AUT,2010,15
Austria,AUT,2011,16
Austria,AUT,2012,14
Austria,AUT,2013,14
Austria,AUT,2014,13
Austria,AUT,2015,14
Austria,AUT,2016,13
Austria,AUT,2017,12
Azerbaijan,AZE,1990,24
Azerbaijan,AZE,1995,23
Azerbaijan,AZE,2000,23
Azerbaijan,AZE,2005,23
Azerbaijan,AZE,2010,23
Azerbaijan,AZE,2011,24
Azerbaijan,AZE,2012,22
Azerbaijan,AZE,2013,22
Azerbaijan,AZE,2014,21
Azerbaijan,AZE,2015,21
Azerbaijan,AZE,2016,20
Azerbaijan,AZE,2017,20
Bahrain,BHR,1990,68
Bahrain,BHR,1995,68
Bahrain,BHR,2000,68
Bahrain,BHR,2005,65
Bahrain,BHR,2010,66
Bahrain,BHR,2011,64
Bahrain,BHR,2012,70
Bahrain,BHR,2013,68
Bahrain,BHR,2014,63
Bahrain,BHR,2015,73
Bahrain,BHR,2016,70
Bahrain,BHR,2017,71
Bangladesh,BGD,1990,62
Bangladesh,BGD,1995,62
Bangladesh,BGD,2000,63
Bangladesh,BGD,2005,69
Bangladesh,BGD,2010,71
Bangladesh,BGD,2011,70
Bangladesh,BGD,2012,71
Bangladesh,BGD,2013,66
Bangladesh,BGD,2014,68
Bangladesh,BGD,2015,67
Bangladesh,BGD,2016,60
Bangladesh,BGD,2017,61
Barbados,BRB,1990,28
Barbados,BRB,1995,28
Barbados,BRB,2000,28
Barbados,BRB,2005,28
Barbados,BRB,2010,28
Barbados,BRB,2011,29
Barbados,BRB,2012,27
Barbados,BRB,2013,26
Barbados,BRB,2014,25
Barbados,BRB,2015,25
Barbados,BRB,2016,23
Barbados,BRB,2017,23
Belarus,BLR,1990,25
Belarus,BLR,1995,23
Belarus,BLR,2000,23
Belarus,BLR,2005,23
Belarus,BLR,2010,23
Belarus,BLR,2011,23
Belarus,BLR,2012,22
Belarus,BLR,2013,21
Belarus,BLR,2014,20
Belarus,BLR,2015,20
Belarus,BLR,2016,19
Belarus,BLR,2017,19
Belgium,BEL,1990,18
Belgium,BEL,1995,16
Belgium,BEL,2000,16
Belgium,BEL,2005,15
Belgium,BEL,2010,16
Belgium,BEL,2011,16
Belgium,BEL,2012,15
Belgium,BEL,2013,14
Belgium,BEL,2014,13
Belgium,BEL,2015,14
Belgium,BEL,2016,13
Belgium,BEL,2017,13
Belize,BLZ,1990,27
Belize,BLZ,1995,27
Belize,BLZ,2000,28
Belize,BLZ,2005,28
Belize,BLZ,2010,28
Belize,BLZ,2011,29
Belize,BLZ,2012,27
Belize,BLZ,2013,27
Belize,BLZ,2014,24
Belize,BLZ,2015,25
Belize,BLZ,2016,23
Belize,BLZ,2017,23
Benin,BEN,1990,40
Benin,BEN,1995,38
Benin,BEN,2000,40
Benin,BEN,2005,34
Benin,BEN,2010,32
Benin,BEN,2011,33
Benin,BEN,2012,32
Benin,BEN,2013,31
Benin,BEN,2014,30
Benin,BEN,2015,40
Benin,BEN,2016,38
Benin,BEN,2017,39
Bermuda,BMU,1990,12
Bermuda,BMU,1995,12
Bermuda,BMU,2000,15
Bermuda,BMU,2005,15
Bermuda,BMU,2010,15
Bermuda,BMU,2011,15
Bermuda,BMU,2012,14
Bermuda,BMU,2013,13
Bermuda,BMU,2014,13
Bermuda,BMU,2015,12
Bermuda,BMU,2016,12
Bermuda,BMU,2017,12
Bhutan,BTN,1990,40
Bhutan,BTN,1995,40
Bhutan,BTN,2000,40
Bhutan,BTN,2005,43
Bhutan,BTN,2010,44
Bhutan,BTN,2011,43
Bhutan,BTN,2012,43
Bhutan,BTN,2013,42
Bhutan,BTN,2014,41
Bhutan,BTN,2015,40
Bhutan,BTN,2016,37
Bhutan,BTN,2017,38
Bolivia,BOL,1990,24
Bolivia,BOL,1995,25
Bolivia,BOL,2000,26
Bolivia,BOL,2005,29
Bolivia,BOL,2010,30
Bolivia,BOL,2011,28
Bolivia,BOL,2012,26
Bolivia,BOL,2013,26
Bolivia,BOL,2014,25
Bolivia,BOL,2015,22
Bolivia,BOL,2016,21
Bolivia,BOL,2017,22
Bosnia and Herzegovina,BIH,1990,30
Bosnia and Herzegovina,BIH,1995,29
Bosnia and Herzegovina,BIH,2000,33
Bosnia and Herzegovina,BIH,2005,34
Bosnia and Herzegovina,BIH,2010,32
Bosnia and Herzegovina,BIH,2011,34
Bosnia and Herzegovina,BIH,2012,32
Bosnia and Herzegovina,BIH,2013,30
Bosnia and Herzegovina,BIH,2014,29
Bosnia and Herzegovina,BIH,2015,30
Bosnia and Herzegovina,BIH,2016,28
Bosnia and Herzegovina,BIH,2017,28
Botswana,BWA,1990,25
Botswana,BWA,1995,25
Botswana,BWA,2000,25
Botswana,BWA,2005,25
Botswana,BWA,2010,26
Botswana,BWA,2011,25
Botswana,BWA,2012,25
Botswana,BWA,2013,25
Botswana,BWA,2014,24
Botswana,BWA,2015,24
Botswana,BWA,2016,24
Botswana,BWA,2017,23
Brazil,BRA,1990,15
Brazil,BRA,1995,15
Brazil,BRA,2000,16
Brazil,BRA,2005,16
Brazil,BRA,2010,16
Brazil,BRA,2011,16
Brazil,BRA,2012,15
Brazil,BRA,2013,15
Brazil,BRA,2014,14
Brazil,BRA,2015,14
Brazil,BRA,2016,13
Brazil,BRA,2017,13
Brunei,BRN,1990,6.7
Brunei,BRN,1995,6.8
Brunei,BRN,2000,6.9
Brunei,BRN,2005,7.2
Brunei,BRN,2010,7.4
Brunei,BRN,2011,7.4
Brunei,BRN,2012,7.6
Brunei,BRN,2013,6.7
Brunei,BRN,2014,6.2
Brunei,BRN,2015,6.5
Brunei,BRN,2016,5.9
Brunei,BRN,2017,5.9
Bulgaria,BGR,1990,28
Bulgaria,BGR,1995,25
Bulgaria,BGR,2000,24
Bulgaria,BGR,2005,23
Bulgaria,BGR,2010,23
Bulgaria,BGR,2011,24
Bulgaria,BGR,2012,23
Bulgaria,BGR,2013,21
Bulgaria,BGR,2014,21
Bulgaria,BGR,2015,21
Bulgaria,BGR,2016,19
Bulgaria,BGR,2017,19
Burkina Faso,BFA,1990,46
Burkina Faso,BFA,1995,45
Burkina Faso,BFA,2000,45
Burkina Faso,BFA,2005,39
Burkina Faso,BFA,2010,37
Burkina Faso,BFA,2011,37
Burkina Faso,BFA,2012,39
Burkina Faso,BFA,2013,33
Burkina Faso,BFA,2014,34
Burkina Faso,BFA,2015,47
Burkina Faso,BFA,2016,42
Burkina Faso,BFA,2017,43
Burundi,BDI,1990,41
Burundi,BDI,1995,40
Burundi,BDI,2000,41
Burundi,BDI,2005,40
Burundi,BDI,2010,38
Burundi,BDI,2011,38
Burundi,BDI,2012,41
Burundi,BDI,2013,40
Burundi,BDI,2014,39
Burundi,BDI,2015,38
Burundi,BDI,2016,39
Burundi,BDI,2017,39
Cambodia,KHM,1990,29
Cambodia,KHM,1995,30
Cambodia,KHM,2000,30
Cambodia,KHM,2005,31
Cambodia,KHM,2010,31
Cambodia,KHM,2011,31
Cambodia,KHM,2012,31
Cambodia,KHM,2013,30
Cambodia,KHM,2014,29
Cambodia,KHM,2015,27
Cambodia,KHM,2016,25
Cambodia,KHM,2017,26
Cameroon,CMR,1990,75
Cameroon,CMR,1995,73
Cameroon,CMR,2000,71
Cameroon,CMR,2005,63
Cameroon,CMR,2010,59
Cameroon,CMR,2011,58
Cameroon,CMR,2012,63
Cameroon,CMR,2013,58
Cameroon,CMR,2014,57
Cameroon,CMR,2015,77
Cameroon,CMR,2016,73
Cameroon,CMR,2017,73
Canada,CAN,1990,8.2
Canada,CAN,1995,8.1
Canada,CAN,2000,8.3
Canada,CAN,2005,8.5
Canada,CAN,2010,8.4
Canada,CAN,2011,8.6
Canada,CAN,2012,8.1
Canada,CAN,2013,7.8
Canada,CAN,2014,7.4
Canada,CAN,2015,7.2
Canada,CAN,2016,6.5
Canada,CAN,2017,6.4
Cape Verde,CPV,1990,36
Cape Verde,CPV,1995,36
Cape Verde,CPV,2000,37
Cape Verde,CPV,2005,30
Cape Verde,CPV,2010,28
Cape Verde,CPV,2011,32
Cape Verde,CPV,2012,33
Cape Verde,CPV,2013,32
Cape Verde,CPV,2014,32
Cape Verde,CPV,2015,39
Cape Verde,CPV,2016,33
Cape Verde,CPV,2017,35
Central African Republic,CAF,1990,53
Central African Republic,CAF,1995,53
Central African Republic,CAF,2000,52
Central African Republic,CAF,2005,53
Central African Republic,CAF,2010,52
Central African Republic,CAF,2011,51
Central African Republic,CAF,2012,53
Central African Republic,CAF,2013,51
Central African Republic,CAF,2014,49
Central African Republic,CAF,2015,58
Central African Republic,CAF,2016,57
Central African Republic,CAF,2017,57
Chad,TCD,1990,66
Chad,TCD,1995,69
Chad,TCD,2000,66
Chad,TCD,2005,58
Chad,TCD,2010,57
Chad,TCD,2011,55
Chad,TCD,2012,59
Chad,TCD,2013,53
Chad,TCD,2014,51
Chad,TCD,2015,69
Chad,TCD,2016,65
Chad,TCD,2017,66
Chile,CHL,1990,25
Chile,CHL,1995,25
Chile,CHL,2000,26
Chile,CHL,2005,26
Chile,CHL,2010,26
Chile,CHL,2011,27
Chile,CHL,2012,25
Chile,CHL,2013,24
Chile,CHL,2014,23
Chile,CHL,2015,23
Chile,CHL,2016,21
Chile,CHL,2017,21
China,CHN,1990,58
China,CHN,1995,59
China,CHN,2000,61
China,CHN,2005,66
China,CHN,2010,69
China,CHN,2011,71
China,CHN,2012,64
China,CHN,2013,66
China,CHN,2014,60
China,CHN,2015,59
China,CHN,2016,52
China,CHN,2017,53
Colombia,COL,1990,20
Colombia,COL,1995,20
Colombia,COL,2000,20
Colombia,COL,2005,21
Colombia,COL,2010,21
Colombia,COL,2011,21
Colombia,COL,2012,21
Colombia,COL,2013,19
Colombia,COL,2014,18
Colombia,COL,2015,17
Colombia,COL,2016,17
Colombia,COL,2017,17
Comoros,COM,1990,22
Comoros,COM,1995,21
Comoros,COM,2000,22
Comoros,COM,2005,21
Comoros,COM,2010,21
Comoros,COM,2011,21
Comoros,COM,2012,21
Comoros,COM,2013,21
Comoros,COM,2014,22
Comoros,COM,2015,21
Comoros,COM,2016,20
Comoros,COM,2017,21
Congo,COG,1990,47
Congo,COG,1995,43
Congo,COG,2000,44
Congo,COG,2005,43
Congo,COG,2010,42
Congo,COG,2011,44
Congo,COG,2012,43
Congo,COG,2013,46
Congo,COG,2014,46
Congo,COG,2015,44
Congo,COG,2016,46
Congo,COG,2017,47
Costa Rica,CRI,1990,18
Costa Rica,CRI,1995,19
Costa Rica,CRI,2000,19
Costa Rica,CRI,2005,20
Costa Rica,CRI,2010,19
Costa Rica,CRI,2011,20
Costa Rica,CRI,2012,19
Costa Rica,CRI,2013,18
Costa Rica,CRI,2014,18
Costa Rica,CRI,2015,17
Costa Rica,CRI,2016,16
Costa Rica,CRI,2017,16
Cote d'Ivoire,CIV,1990,26
Cote d'Ivoire,CIV,1995,25
Cote d'Ivoire,CIV,2000,25
Cote d'Ivoire,CIV,2005,22
Cote d'Ivoire,CIV,2010,22
Cote d'Ivoire,CIV,2011,23
Cote d'Ivoire,CIV,2012,22
Cote d'Ivoire,CIV,2013,21
Cote d'Ivoire,CIV,2014,21
Cote d'Ivoire,CIV,2015,28
Cote d'Ivoire,CIV,2016,27
Cote d'Ivoire,CIV,2017,26
Croatia,HRV,1990,22
Croatia,HRV,1995,21
Croatia,HRV,2000,22
Croatia,HRV,2005,22
Croatia,HRV,2010,21
Croatia,HRV,2011,22
Croatia,HRV,2012,20
Croatia,HRV,2013,20
Croatia,HRV,2014,18
Croatia,HRV,2015,19
Croatia,HRV,2016,18
Croatia,HRV,2017,18
Cuba,CUB,1990,24
Cuba,CUB,1995,24
Cuba,CUB,2000,24
Cuba,CUB,2005,24
Cuba,CUB,2010,24
Cuba,CUB,2011,25
Cuba,CUB,2012,23
Cuba,CUB,2013,23
Cuba,CUB,2014,21
Cuba,CUB,2015,21
Cuba,CUB,2016,20
Cuba,CUB,2017,20
Cyprus,CYP,1990,21
Cyprus,CYP,1995,21
Cyprus,CYP,2000,20
Cyprus,CYP,2005,20
Cyprus,CYP,2010,20
Cyprus,CYP,2011,20
Cyprus,CYP,2012,19
Cyprus,CYP,2013,19
Cyprus,CYP,2014,18
Cyprus,CYP,2015,19
Cyprus,CYP,2016,17
Cyprus,CYP,2017,17
Czech Republic,CZE,1990,24
Czech Republic,CZE,1995,22
Czech Republic,CZE,2000,20
Czech Republic,CZE,2005,20
Czech Republic,CZE,2010,21
Czech Republic,CZE,2011,20
Czech Republic,CZE,2012,19
Czech Republic,CZE,2013,18
Czech Republic,CZE,2014,17
Czech Republic,CZE,2015,17
Czech Republic,CZE,2016,16
Czech Republic,CZE,2017,16
Democratic Republic of the Congo,COD,1990,43
Democratic Republic of the Congo,COD,1995,43
Democratic Republic of the Congo,COD,2000,45
Democratic Republic of the Congo,COD,2005,42
Democratic Republic of the Congo,COD,2010,41
Democratic Republic of the Congo,COD,2011,41
Democratic Republic of the Congo,COD,2012,43
Democratic Republic of the Congo,COD,2013,44
Democratic Republic of the Congo,COD,2014,43
Democratic Republic of the Congo,COD,2015,45
Democratic Republic of the Congo,COD,2016,45
Democratic Republic of the Congo,COD,2017,45
Denmark,DNK,1990,13
Denmark,DNK,1995,13
Denmark,DNK,2000,12
Denmark,DNK,2005,12
Denmark,DNK,2010,12
Denmark,DNK,2011,13
Denmark,DNK,2012,11
Denmark,DNK,2013,11
Denmark,DNK,2014,11
Denmark,DNK,2015,11
Denmark,DNK,2016,10
Denmark,DNK,2017,10
Djibouti,DJI,1990,41
Djibouti,DJI,1995,41
Djibouti,DJI,2000,41
Djibouti,DJI,2005,39
Djibouti,DJI,2010,38
Djibouti,DJI,2011,40
Djibouti,DJI,2012,40
Djibouti,DJI,2013,40
Djibouti,DJI,2014,41
Djibouti,DJI,2015,46
Djibouti,DJI,2016,46
Djibouti,DJI,2017,46
Dominica,DMA,1990,23
Dominica,DMA,1995,23
Dominica,DMA,2000,23
Dominica,DMA,2005,24
Dominica,DMA,2010,24
Dominica,DMA,2011,24
Dominica,DMA,2012,22
Dominica,DMA,2013,22
Dominica,DMA,2014,21
Dominica,DMA,2015,21
Dominica,DMA,2016,20
Dominica,DMA,2017,19
Dominican Republic,DOM,1990,15
Dominican Republic,DOM,1995,16
Dominican Republic,DOM,2000,16
Dominican Republic,DOM,2005,17
Dominican Republic,DOM,2010,17
Dominican Republic,DOM,2011,17
Dominican Republic,DOM,2012,16
Dominican Republic,DOM,2013,15
Dominican Republic,DOM,2014,14
Dominican Republic,DOM,2015,15
Dominican Republic,DOM,2016,14
Dominican Republic,DOM,2017,14
Ecuador,ECU,1990,18
Ecuador,ECU,1995,18
Ecuador,ECU,2000,19
Ecuador,ECU,2005,20
Ecuador,ECU,2010,20
Ecuador,ECU,2011,19
Ecuador,ECU,2012,20
Ecuador,ECU,2013,18
Ecuador,ECU,2014,16
Ecuador,ECU,2015,16
Ecuador,ECU,2016,15
Ecuador,ECU,2017,15
Egypt,EGY,1990,75
Egypt,EGY,1995,72
Egypt,EGY,2000,73
Egypt,EGY,2005,74
Egypt,EGY,2010,77
Egypt,EGY,2011,71
Egypt,EGY,2012,73
Egypt,EGY,2013,76
Egypt,EGY,2014,77
Egypt,EGY,2015,88
Egypt,EGY,2016,88
Egypt,EGY,2017,87
El Salvador,SLV,1990,31
El Salvador,SLV,1995,32
El Salvador,SLV,2000,32
El Salvador,SLV,2005,32
El Salvador,SLV,2010,30
El Salvador,SLV,2011,34
El Salvador,SLV,2012,31
El Salvador,SLV,2013,31
El Salvador,SLV,2014,28
El Salvador,SLV,2015,26
El Salvador,SLV,2016,25
El Salvador,SLV,2017,24
Equatorial Guinea,GNQ,1990,51
Equatorial Guinea,GNQ,1995,52
Equatorial Guinea,GNQ,2000,52
Equatorial Guinea,GNQ,2005,46
Equatorial Guinea,GNQ,2010,46
Equatorial Guinea,GNQ,2011,47
Equatorial Guinea,GNQ,2012,45
Equatorial Guinea,GNQ,2013,44
Equatorial Guinea,GNQ,2014,44
Equatorial Guinea,GNQ,2015,53
Equatorial Guinea,GNQ,2016,55
Equatorial Guinea,GNQ,2017,53
Eritrea,ERI,1990,47
Eritrea,ERI,1995,46
Eritrea,ERI,2000,46
Eritrea,ERI,2005,47
Eritrea,ERI,2010,45
Eritrea,ERI,2011,45
Eritrea,ERI,2012,46
Eritrea,ERI,2013,48
Eritrea,ERI,2014,44
Eritrea,ERI,2015,50
Eritrea,ERI,2016,49
Eritrea,ERI,2017,48
Estonia,EST,1990,9.1
Estonia,EST,1995,8.6
Estonia,EST,2000,8.2
Estonia,EST,2005,8.5
Estonia,EST,2010,8.5
Estonia,EST,2011,8.4
Estonia,EST,2012,7.8
Estonia,EST,2013,7.5
Estonia,EST,2014,7.7
Estonia,EST,2015,7
Estonia,EST,2016,6.8
Estonia,EST,2017,6.7
Ethiopia,ETH,1990,36
Ethiopia,ETH,1995,36
Ethiopia,ETH,2000,36
Ethiopia,ETH,2005,34
Ethiopia,ETH,2010,36
Ethiopia,ETH,2011,36
Ethiopia,ETH,2012,36
Ethiopia,ETH,2013,36
Ethiopia,ETH,2014,35
Ethiopia,ETH,2015,39
Ethiopia,ETH,2016,39
Ethiopia,ETH,2017,39
Federated States of Micronesia,FSM,1990,14
Federated States of Micronesia,FSM,1995,14
Federated States of Micronesia,FSM,2000,14
Federated States of Micronesia,FSM,2005,14
Federated States of Micronesia,FSM,2010,14
Federated States of Micronesia,FSM,2011,14
Federated States of Micronesia,FSM,2012,13
Federated States of Micronesia,FSM,2013,13
Federated States of Micronesia,FSM,2014,12
Federated States of Micronesia,FSM,2015,12
Federated States of Micronesia,FSM,2016,11
Federated States of Micronesia,FSM,2017,11
Fiji,FJI,1990,13
Fiji,FJI,1995,13
Fiji,FJI,2000,13
Fiji,FJI,2005,13
Fiji,FJI,2010,14
Fiji,FJI,2011,14
Fiji,FJI,2012,13
Fiji,FJI,2013,12
Fiji,FJI,2014,12
Fiji,FJI,2015,12
Fiji,FJI,2016,11
Fiji,FJI,2017,11
Finland,FIN,1990,7.4
Finland,FIN,1995,7.2
Finland,FIN,2000,7.1
Finland,FIN,2005,7.1
Finland,FIN,2010,7.2
Finland,FIN,2011,7.3
Finland,FIN,2012,6.6
Finland,FIN,2013,6.3
Finland,FIN,2014,6.5
Finland,FIN,2015,6.1
Finland,FIN,2016,5.9
Finland,FIN,2017,5.9
France,FRA,1990,16
France,FRA,1995,15
France,FRA,2000,15
France,FRA,2005,15
France,FRA,2010,15
France,FRA,2011,15
France,FRA,2012,14
France,FRA,2013,14
France,FRA,2014,12
France,FRA,2015,13
France,FRA,2016,12
France,FRA,2017,12
Gabon,GAB,1990,43
Gabon,GAB,1995,43
Gabon,GAB,2000,43
Gabon,GAB,2005,40
Gabon,GAB,2010,40
Gabon,GAB,2011,41
Gabon,GAB,2012,41
Gabon,GAB,2013,41
Gabon,GAB,2014,41
Gabon,GAB,2015,44
Gabon,GAB,2016,44
Gabon,GAB,2017,44
Georgia,GEO,1990,27
Georgia,GEO,1995,25
Georgia,GEO,2000,25
Georgia,GEO,2005,26
Georgia,GEO,2010,26
Georgia,GEO,2011,27
Georgia,GEO,2012,25
Georgia,GEO,2013,24
Georgia,GEO,2014,23
Georgia,GEO,2015,24
Georgia,GEO,2016,22
Georgia,GEO,2017,22
Germany,DEU,1990,17
Germany,DEU,1995,16
Germany,DEU,2000,15
Germany,DEU,2005,15
Germany,DEU,2010,15
Germany,DEU,2011,15
Germany,DEU,2012,14
Germany,DEU,2013,13
Germany,DEU,2014,13
Germany,DEU,2015,13
Germany,DEU,2016,12
Germany,DEU,2017,12
Ghana,GHA,1990,36
Ghana,GHA,1995,35
Ghana,GHA,2000,35
Ghana,GHA,2005,27
Ghana,GHA,2010,27
Ghana,GHA,2011,28
Ghana,GHA,2012,29
Ghana,GHA,2013,28
Ghana,GHA,2014,26
Ghana,GHA,2015,35
Ghana,GHA,2016,36
Ghana,GHA,2017,35
Greece,GRC,1990,21
Greece,GRC,1995,20
Greece,GRC,2000,20
Greece,GRC,2005,19
Greece,GRC,2010,19
Greece,GRC,2011,20
Greece,GRC,2012,18
Greece,GRC,2013,18
Greece,GRC,2014,17
Greece,GRC,2015,18
Greece,GRC,2016,16
Greece,GRC,2017,16
Greenland,GRL,1990,15
Greenland,GRL,1995,15
Greenland,GRL,2000,14
Greenland,GRL,2005,14
Greenland,GRL,2010,14
Greenland,GRL,2011,14
Greenland,GRL,2012,13
Greenland,GRL,2013,13
Greenland,GRL,2014,13
Greenland,GRL,2015,12
Greenland,GRL,2016,12
Greenland,GRL,2017,12
Grenada,GRD,1990,28
Grenada,GRD,1995,28
Grenada,GRD,2000,27
Grenada,GRD,2005,28
Grenada,GRD,2010,27
Grenada,GRD,2011,28
Grenada,GRD,2012,26
Grenada,GRD,2013,26
Grenada,GRD,2014,24
Grenada,GRD,2015,24
Grenada,GRD,2016,23
Grenada,GRD,2017,23
Guam,GUM,1990,12
Guam,GUM,1995,12
Guam,GUM,2000,14
Guam,GUM,2005,14
Guam,GUM,2010,14
Guam,GUM,2011,14
Guam,GUM,2012,13
Guam,GUM,2013,13
Guam,GUM,2014,12
Guam,GUM,2015,13
Guam,GUM,2016,12
Guam,GUM,2017,12
Guatemala,GTM,1990,30
Guatemala,GTM,1995,30
Guatemala,GTM,2000,31
Guatemala,GTM,2005,31
Guatemala,GTM,2010,30
Guatemala,GTM,2011,32
Guatemala,GTM,2012,30
Guatemala,GTM,2013,30
Guatemala,GTM,2014,27
Guatemala,GTM,2015,25
Guatemala,GTM,2016,24
Guatemala,GTM,2017,24
Guinea,GIN,1990,25
Guinea,GIN,1995,24
Guinea,GIN,2000,24
Guinea,GIN,2005,22
Guinea,GIN,2010,22
Guinea,GIN,2011,22
Guinea,GIN,2012,23
Guinea,GIN,2013,21
Guinea,GIN,2014,21
Guinea,GIN,2015,27
Guinea,GIN,2016,25
Guinea,GIN,2017,26
Guinea-Bissau,GNB,1990,31
Guinea-Bissau,GNB,1995,30
Guinea-Bissau,GNB,2000,30
Guinea-Bissau,GNB,2005,27
Guinea-Bissau,GNB,2010,27
Guinea-Bissau,GNB,2011,27
Guinea-Bissau,GNB,2012,27
Guinea-Bissau,GNB,2013,27
Guinea-Bissau,GNB,2014,27
Guinea-Bissau,GNB,2015,32
Guinea-Bissau,GNB,2016,30
Guinea-Bissau,GNB,2017,30
Guyana,GUY,1990,25
Guyana,GUY,1995,24
Guyana,GUY,2000,27
Guyana,GUY,2005,28
Guyana,GUY,2010,27
Guyana,GUY,2011,28
Guyana,GUY,2012,27
Guyana,GUY,2013,25
Guyana,GUY,2014,24
Guyana,GUY,2015,24
Guyana,GUY,2016,22
Guyana,GUY,2017,22
Haiti,HTI,1990,17
Haiti,HTI,1995,18
Haiti,HTI,2000,18
Haiti,HTI,2005,17
Haiti,HTI,2010,18
Haiti,HTI,2011,19
Haiti,HTI,2012,17
Haiti,HTI,2013,17
Haiti,HTI,2014,16
Haiti,HTI,2015,16
Haiti,HTI,2016,15
Haiti,HTI,2017,15
Honduras,HND,1990,27
Honduras,HND,1995,28
Honduras,HND,2000,28
Honduras,HND,2005,28
Honduras,HND,2010,27
Honduras,HND,2011,29
Honduras,HND,2012,27
Honduras,HND,2013,28
Honduras,HND,2014,23
Honduras,HND,2015,22
Honduras,HND,2016,21
Honduras,HND,2017,21
Hungary,HUN,1990,22
Hungary,HUN,1995,20
Hungary,HUN,2000,19
Hungary,HUN,2005,19
Hungary,HUN,2010,19
Hungary,HUN,2011,19
Hungary,HUN,2012,18
Hungary,HUN,2013,17
Hungary,HUN,2014,16
Hungary,HUN,2015,17
Hungary,HUN,2016,16
Hungary,HUN,2017,16
Iceland,ISL,1990,8.4
Iceland,ISL,1995,8.2
Iceland,ISL,2000,8
Iceland,ISL,2005,7.8
Iceland,ISL,2010,7.9
Iceland,ISL,2011,8.1
Iceland,ISL,2012,7.3
Iceland,ISL,2013,7.2
Iceland,ISL,2014,6.9
Iceland,ISL,2015,6.9
Iceland,ISL,2016,6.6
Iceland,ISL,2017,6.5
India,IND,1990,81
India,IND,1995,83
India,IND,2000,84
India,IND,2005,90
India,IND,2010,96
India,IND,2011,98
India,IND,2012,88
India,IND,2013,92
India,IND,2014,90
India,IND,2015,89
India,IND,2016,90
India,IND,2017,91
Indonesia,IDN,1990,18
Indonesia,IDN,1995,18
Indonesia,IDN,2000,18
Indonesia,IDN,2005,19
Indonesia,IDN,2010,18
Indonesia,IDN,2011,18
Indonesia,IDN,2012,18
Indonesia,IDN,2013,17
Indonesia,IDN,2014,16
Indonesia,IDN,2015,17
Indonesia,IDN,2016,16
Indonesia,IDN,2017,17
Iran,IRN,1990,38
Iran,IRN,1995,38
Iran,IRN,2000,38
Iran,IRN,2005,38
Iran,IRN,2010,39
Iran,IRN,2011,38
Iran,IRN,2012,39
Iran,IRN,2013,38
Iran,IRN,2014,38
Iran,IRN,2015,40
Iran,IRN,2016,39
Iran,IRN,2017,39
Iraq,IRQ,1990,64
Iraq,IRQ,1995,63
Iraq,IRQ,2000,62
Iraq,IRQ,2005,63
Iraq,IRQ,2010,69
Iraq,IRQ,2011,66
Iraq,IRQ,2012,67
Iraq,IRQ,2013,64
Iraq,IRQ,2014,57
Iraq,IRQ,2015,66
Iraq,IRQ,2016,64
Iraq,IRQ,2017,62
Ireland,IRL,1990,10
Ireland,IRL,1995,10
Ireland,IRL,2000,10
Ireland,IRL,2005,9.9
Ireland,IRL,2010,10
Ireland,IRL,2011,10
Ireland,IRL,2012,9.5
Ireland,IRL,2013,9.4
Ireland,IRL,2014,8.8
Ireland,IRL,2015,8.7
Ireland,IRL,2016,8.3
Ireland,IRL,2017,8.2
Israel,ISR,1990,25
Israel,ISR,1995,24
Israel,ISR,2000,25
Israel,ISR,2005,23
Israel,ISR,2010,24
Israel,ISR,2011,24
Israel,ISR,2012,23
Israel,ISR,2013,23
Israel,ISR,2014,22
Israel,ISR,2015,23
Israel,ISR,2016,21
Israel,ISR,2017,21
Italy,ITA,1990,21
Italy,ITA,1995,20
Italy,ITA,2000,20
Italy,ITA,2005,20
Italy,ITA,2010,19
Italy,ITA,2011,20
Italy,ITA,2012,18
Italy,ITA,2013,18
Italy,ITA,2014,18
Italy,ITA,2015,18
Italy,ITA,2016,16
Italy,ITA,2017,17
Jamaica,JAM,1990,16
Jamaica,JAM,1995,16
Jamaica,JAM,2000,16
Jamaica,JAM,2005,16
Jamaica,JAM,2010,16
Jamaica,JAM,2011,17
Jamaica,JAM,2012,15
Jamaica,JAM,2013,15
Jamaica,JAM,2014,14
Jamaica,JAM,2015,14
Jamaica,JAM,2016,13
Jamaica,JAM,2017,13
Japan,JPN,1990,14
Japan,JPN,1995,14
Japan,JPN,2000,14
Japan,JPN,2005,14
Japan,JPN,2010,14
Japan,JPN,2011,14
Japan,JPN,2012,13
Japan,JPN,2013,13
Japan,JPN,2014,13
Japan,JPN,2015,13
Japan,JPN,2016,12
Japan,JPN,2017,12
Jordan,JOR,1990,35
Jordan,JOR,1995,35
Jordan,JOR,2000,34
Jordan,JOR,2005,32
Jordan,JOR,2010,34
Jordan,JOR,2011,33
Jordan,JOR,2012,33
Jordan,JOR,2013,33
Jordan,JOR,2014,33
Jordan,JOR,2015,34
Jordan,JOR,2016,33
Jordan,JOR,2017,33
Kazakhstan,KAZ,1990,17
Kazakhstan,KAZ,1995,16
Kazakhstan,KAZ,2000,16
Kazakhstan,KAZ,2005,16
Kazakhstan,KAZ,2010,16
Kazakhstan,KAZ,2011,15
Kazakhstan,KAZ,2012,14
Kazakhstan,KAZ,2013,15
Kazakhstan,KAZ,2014,14
Kazakhstan,KAZ,2015,14
Kazakhstan,KAZ,2016,13
Kazakhstan,KAZ,2017,14
Kenya,KEN,1990,29
Kenya,KEN,1995,29
Kenya,KEN,2000,28
Kenya,KEN,2005,27
Kenya,KEN,2010,28
Kenya,KEN,2011,29
Kenya,KEN,2012,29
Kenya,KEN,2013,29
Kenya,KEN,2014,29
Kenya,KEN,2015,29
Kenya,KEN,2016,29
Kenya,KEN,2017,29
Kiribati,KIR,1990,13
Kiribati,KIR,1995,13
Kiribati,KIR,2000,14
Kiribati,KIR,2005,13
Kiribati,KIR,2010,13
Kiribati,KIR,2011,13
Kiribati,KIR,2012,13
Kiribati,KIR,2013,12
Kiribati,KIR,2014,11
Kiribati,KIR,2015,12
Kiribati,KIR,2016,11
Kiribati,KIR,2017,11
Kuwait,KWT,1990,61
Kuwait,KWT,1995,60
Kuwait,KWT,2000,61
Kuwait,KWT,2005,60
Kuwait,KWT,2010,63
Kuwait,KWT,2011,63
Kuwait,KWT,2012,64
Kuwait,KWT,2013,63
Kuwait,KWT,2014,56
Kuwait,KWT,2015,65
Kuwait,KWT,2016,61
Kuwait,KWT,2017,61
Kyrgyzstan,KGZ,1990,26
Kyrgyzstan,KGZ,1995,25
Kyrgyzstan,KGZ,2000,27
Kyrgyzstan,KGZ,2005,27
Kyrgyzstan,KGZ,2010,27
Kyrgyzstan,KGZ,2011,28
Kyrgyzstan,KGZ,2012,25
Kyrgyzstan,KGZ,2013,25
Kyrgyzstan,KGZ,2014,23
Kyrgyzstan,KGZ,2015,24
Kyrgyzstan,KGZ,2016,23
Kyrgyzstan,KGZ,2017,23
Laos,LAO,1990,27
Laos,LAO,1995,27
Laos,LAO,2000,28
Laos,LAO,2005,30
Laos,LAO,2010,32
Laos,LAO,2011,30
Laos,LAO,2012,30
Laos,LAO,2013,30
Laos,LAO,2014,28
Laos,LAO,2015,26
Laos,LAO,2016,26
Laos,LAO,2017,25
Latvia,LVA,1990,19
Latvia,LVA,1995,17
Latvia,LVA,2000,17
Latvia,LVA,2005,17
Latvia,LVA,2010,17
Latvia,LVA,2011,17
Latvia,LVA,2012,16
Latvia,LVA,2013,15
Latvia,LVA,2014,15
Latvia,LVA,2015,14
Latvia,LVA,2016,13
Latvia,LVA,2017,13
Lebanon,LBN,1990,30
Lebanon,LBN,1995,30
Lebanon,LBN,2000,31
Lebanon,LBN,2005,30
Lebanon,LBN,2010,31
Lebanon,LBN,2011,30
Lebanon,LBN,2012,30
Lebanon,LBN,2013,31
Lebanon,LBN,2014,30
Lebanon,LBN,2015,31
Lebanon,LBN,2016,30
Lebanon,LBN,2017,31
Lesotho,LSO,1990,31
Lesotho,LSO,1995,32
Lesotho,LSO,2000,31
Lesotho,LSO,2005,30
Lesotho,LSO,2010,32
Lesotho,LSO,2011,31
Lesotho,LSO,2012,31
Lesotho,LSO,2013,32
Lesotho,LSO,2014,33
Lesotho,LSO,2015,31
Lesotho,LSO,2016,28
Lesotho,LSO,2017,28
Liberia,LBR,1990,17
Liberia,LBR,1995,17
Liberia,LBR,2000,17
Liberia,LBR,2005,16
Liberia,LBR,2010,15
Liberia,LBR,2011,16
Liberia,LBR,2012,16
Liberia,LBR,2013,15
Liberia,LBR,2014,15
Liberia,LBR,2015,18
Liberia,LBR,2016,18
Liberia,LBR,2017,18
Libya,LBY,1990,45
Libya,LBY,1995,47
Libya,LBY,2000,46
Libya,LBY,2005,47
Libya,LBY,2010,50
Libya,LBY,2011,45
Libya,LBY,2012,45
Libya,LBY,2013,49
Libya,LBY,2014,48
Libya,LBY,2015,52
Libya,LBY,2016,52
Libya,LBY,2017,54
Lithuania,LTU,1990,16
Lithuania,LTU,1995,15
Lithuania,LTU,2000,14
Lithuania,LTU,2005,14
Lithuania,LTU,2010,15
Lithuania,LTU,2011,15
Lithuania,LTU,2012,14
Lithuania,LTU,2013,13
Lithuania,LTU,2014,13
Lithuania,LTU,2015,12
Lithuania,LTU,2016,12
Lithuania,LTU,2017,12
Luxembourg,LUX,1990,14
Luxembourg,LUX,1995,13
Luxembourg,LUX,2000,13
Luxembourg,LUX,2005,12
Luxembourg,LUX,2010,13
Luxembourg,LUX,2011,13
Luxembourg,LUX,2012,12
Luxembourg,LUX,2013,12
Luxembourg,LUX,2014,11
Luxembourg,LUX,2015,11
Luxembourg,LUX,2016,10
Luxembourg,LUX,2017,10
Macedonia,MKD,1990,42
Macedonia,MKD,1995,40
Macedonia,MKD,2000,36
Macedonia,MKD,2005,36
Macedonia,MKD,2010,34
Macedonia,MKD,2011,38
Macedonia,MKD,2012,35
Macedonia,MKD,2013,32
Macedonia,MKD,2014,32
Macedonia,MKD,2015,32
Macedonia,MKD,2016,30
Macedonia,MKD,2017,30
Madagascar,MDG,1990,22
Madagascar,MDG,1995,22
Madagascar,MDG,2000,22
Madagascar,MDG,2005,23
Madagascar,MDG,2010,23
Madagascar,MDG,2011,23
Madagascar,MDG,2012,23
Madagascar,MDG,2013,24
Madagascar,MDG,2014,24
Madagascar,MDG,2015,23
Madagascar,MDG,2016,23
Madagascar,MDG,2017,23
Malawi,MWI,1990,26
Malawi,MWI,1995,26
Malawi,MWI,2000,26
Malawi,MWI,2005,26
Malawi,MWI,2010,26
Malawi,MWI,2011,25
Malawi,MWI,2012,26
Malawi,MWI,2013,25
Malawi,MWI,2014,25
Malawi,MWI,2015,25
Malawi,MWI,2016,23
Malawi,MWI,2017,24
Malaysia,MYS,1990,17
Malaysia,MYS,1995,18
Malaysia,MYS,2000,18
Malaysia,MYS,2005,19
Malaysia,MYS,2010,19
Malaysia,MYS,2011,19
Malaysia,MYS,2012,19
Malaysia,MYS,2013,18
Malaysia,MYS,2014,17
Malaysia,MYS,2015,17
Malaysia,MYS,2016,16
Malaysia,MYS,2017,16
Maldives,MDV,1990,11
Maldives,MDV,1995,12
Maldives,MDV,2000,11
Maldives,MDV,2005,11
Maldives,MDV,2010,11
Maldives,MDV,2011,12
Maldives,MDV,2012,11
Maldives,MDV,2013,11
Maldives,MDV,2014,9.9
Maldives,MDV,2015,9.4
Maldives,MDV,2016,8
Maldives,MDV,2017,7.8
Mali,MLI,1990,42
Mali,MLI,1995,41
Mali,MLI,2000,40
Mali,MLI,2005,38
Mali,MLI,2010,36
Mali,MLI,2011,35
Mali,MLI,2012,35
Mali,MLI,2013,32
Mali,MLI,2014,34
Mali,MLI,2015,42
Mali,MLI,2016,38
Mali,MLI,2017,39
Malta,MLT,1990,17
Malta,MLT,1995,17
Malta,MLT,2000,17
Malta,MLT,2005,16
Malta,MLT,2010,16
Malta,MLT,2011,17
Malta,MLT,2012,15
Malta,MLT,2013,15
Malta,MLT,2014,14
Malta,MLT,2015,15
Malta,MLT,2016,14
Malta,MLT,2017,14
Marshall Islands,MHL,1990,13
Marshall Islands,MHL,1995,13
Marshall Islands,MHL,2000,13
Marshall Islands,MHL,2005,13
Marshall Islands,MHL,2010,13
Marshall Islands,MHL,2011,13
Marshall Islands,MHL,2012,12
Marshall Islands,MHL,2013,12
Marshall Islands,MHL,2014,11
Marshall Islands,MHL,2015,11
Marshall Islands,MHL,2016,10
Marshall Islands,MHL,2017,10
Mauritania,MRT,1990,50
Mauritania,MRT,1995,48
Mauritania,MRT,2000,49
Mauritania,MRT,2005,42
Mauritania,MRT,2010,40
Mauritania,MRT,2011,40
Mauritania,MRT,2012,42
Mauritania,MRT,2013,40
Mauritania,MRT,2014,43
Mauritania,MRT,2015,49
Mauritania,MRT,2016,47
Mauritania,MRT,2017,47
Mauritius,MUS,1990,16
Mauritius,MUS,1995,16
Mauritius,MUS,2000,15
Mauritius,MUS,2005,16
Mauritius,MUS,2010,15
Mauritius,MUS,2011,15
Mauritius,MUS,2012,15
Mauritius,MUS,2013,16
Mauritius,MUS,2014,15
Mauritius,MUS,2015,14
Mauritius,MUS,2016,14
Mauritius,MUS,2017,14
Mexico,MEX,1990,24
Mexico,MEX,1995,24
Mexico,MEX,2000,27
Mexico,MEX,2005,27
Mexico,MEX,2010,26
Mexico,MEX,2011,28
Mexico,MEX,2012,26
Mexico,MEX,2013,25
Mexico,MEX,2014,23
Mexico,MEX,2015,22
Mexico,MEX,2016,21
Mexico,MEX,2017,21
Moldova,MDA,1990,23
Moldova,MDA,1995,21
Moldova,MDA,2000,20
Moldova,MDA,2005,19
Moldova,MDA,2010,19
Moldova,MDA,2011,20
Moldova,MDA,2012,18
Moldova,MDA,2013,17
Moldova,MDA,2014,17
Moldova,MDA,2015,17
Moldova,MDA,2016,16
Moldova,MDA,2017,16
Mongolia,MNG,1990,38
Mongolia,MNG,1995,37
Mongolia,MNG,2000,39
Mongolia,MNG,2005,40
Mongolia,MNG,2010,43
Mongolia,MNG,2011,45
Mongolia,MNG,2012,43
Mongolia,MNG,2013,42
Mongolia,MNG,2014,39
Mongolia,MNG,2015,43
Mongolia,MNG,2016,38
Mongolia,MNG,2017,40
Montenegro,MNE,1990,29
Montenegro,MNE,1995,28
Montenegro,MNE,2000,26
Montenegro,MNE,2005,26
Montenegro,MNE,2010,25
Montenegro,MNE,2011,27
Montenegro,MNE,2012,25
Montenegro,MNE,2013,23
Montenegro,MNE,2014,22
Montenegro,MNE,2015,23
Montenegro,MNE,2016,21
Montenegro,MNE,2017,21
Morocco,MAR,1990,30
Morocco,MAR,1995,30
Morocco,MAR,2000,31
Morocco,MAR,2005,31
Morocco,MAR,2010,30
Morocco,MAR,2011,29
Morocco,MAR,2012,28
Morocco,MAR,2013,29
Morocco,MAR,2014,30
Morocco,MAR,2015,31
Morocco,MAR,2016,33
Morocco,MAR,2017,33
Mozambique,MOZ,1990,23
Mozambique,MOZ,1995,23
Mozambique,MOZ,2000,23
Mozambique,MOZ,2005,23
Mozambique,MOZ,2010,24
Mozambique,MOZ,2011,23
Mozambique,MOZ,2012,23
Mozambique,MOZ,2013,23
Mozambique,MOZ,2014,23
Mozambique,MOZ,2015,22
Mozambique,MOZ,2016,21
Mozambique,MOZ,2017,21
Myanmar,MMR,1990,40
Myanmar,MMR,1995,41
Myanmar,MMR,2000,39
Myanmar,MMR,2005,43
Myanmar,MMR,2010,44
Myanmar,MMR,2011,44
Myanmar,MMR,2012,43
Myanmar,MMR,2013,43
Myanmar,MMR,2014,40
Myanmar,MMR,2015,39
Myanmar,MMR,2016,36
Myanmar,MMR,2017,36
Namibia,NAM,1990,29
Namibia,NAM,1995,27
Namibia,NAM,2000,27
Namibia,NAM,2005,28
Namibia,NAM,2010,28
Namibia,NAM,2011,27
Namibia,NAM,2012,27
Namibia,NAM,2013,27
Namibia,NAM,2014,26
Namibia,NAM,2015,27
Namibia,NAM,2016,26
Namibia,NAM,2017,25
Nepal,NPL,1990,88
Nepal,NPL,1995,91
Nepal,NPL,2000,89
Nepal,NPL,2005,93
Nepal,NPL,2010,101
Nepal,NPL,2011,101
Nepal,NPL,2012,97
Nepal,NPL,2013,95
Nepal,NPL,2014,98
Nepal,NPL,2015,96
Nepal,NPL,2016,98
Nepal,NPL,2017,100
Netherlands,NLD,1990,16
Netherlands,NLD,1995,16
Netherlands,NLD,2000,15
Netherlands,NLD,2005,15
Netherlands,NLD,2010,15
Netherlands,NLD,2011,15
Netherlands,NLD,2012,14
Netherlands,NLD,2013,13
Netherlands,NLD,2014,13
Netherlands,NLD,2015,13
Netherlands,NLD,2016,12
Netherlands,NLD,2017,12
New Zealand,NZL,1990,7.1
New Zealand,NZL,1995,7.2
New Zealand,NZL,2000,7.2
New Zealand,NZL,2005,7
New Zealand,NZL,2010,7.2
New Zealand,NZL,2011,7.4
New Zealand,NZL,2012,6.8
New Zealand,NZL,2013,6.8
New Zealand,NZL,2014,6.4
New Zealand,NZL,2015,6.3
New Zealand,NZL,2016,6
New Zealand,NZL,2017,6
Nicaragua,NIC,1990,23
Nicaragua,NIC,1995,22
Nicaragua,NIC,2000,23
Nicaragua,NIC,2005,23
Nicaragua,NIC,2010,22
Nicaragua,NIC,2011,22
Nicaragua,NIC,2012,22
Nicaragua,NIC,2013,22
Nicaragua,NIC,2014,19
Nicaragua,NIC,2015,19
Nicaragua,NIC,2016,18
Nicaragua,NIC,2017,18
Niger,NER,1990,91
Niger,NER,1995,89
Niger,NER,2000,88
Niger,NER,2005,73
Niger,NER,2010,69
Niger,NER,2011,73
Niger,NER,2012,73
Niger,NER,2013,63
Niger,NER,2014,61
Niger,NER,2015,87
Niger,NER,2016,88
Niger,NER,2017,94
Nigeria,NGA,1990,72
Nigeria,NGA,1995,69
Nigeria,NGA,2000,68
Nigeria,NGA,2005,60
Nigeria,NGA,2010,53
Nigeria,NGA,2011,51
Nigeria,NGA,2012,56
Nigeria,NGA,2013,50
Nigeria,NGA,2014,49
Nigeria,NGA,2015,75
Nigeria,NGA,2016,71
Nigeria,NGA,2017,72
Northern Mariana Islands,MNP,1990,11
Northern Mariana Islands,MNP,1995,11
Northern Mariana Islands,MNP,2000,12
Northern Mariana Islands,MNP,2005,12
Northern Mariana Islands,MNP,2010,12
Northern Mariana Islands,MNP,2011,12
Northern Mariana Islands,MNP,2012,11
Northern Mariana Islands,MNP,2013,11
Northern Mariana Islands,MNP,2014,10
Northern Mariana Islands,MNP,2015,10
Northern Mariana Islands,MNP,2016,9.9
Northern Mariana Islands,MNP,2017,9.9
North Korea,PRK,1990,38
North Korea,PRK,1995,38
North Korea,PRK,2000,38
North Korea,PRK,2005,39
North Korea,PRK,2010,39
North Korea,PRK,2011,39
North Korea,PRK,2012,36
North Korea,PRK,2013,37
North Korea,PRK,2014,35
North Korea,PRK,2015,37
North Korea,PRK,2016,32
North Korea,PRK,2017,32
Norway,NOR,1990,9
Norway,NOR,1995,8.8
Norway,NOR,2000,8.7
Norway,NOR,2005,8.4
Norway,NOR,2010,8.3
Norway,NOR,2011,8.9
Norway,NOR,2012,7.9
Norway,NOR,2013,7.6
Norway,NOR,2014,7.7
Norway,NOR,2015,7.2
Norway,NOR,2016,7
Norway,NOR,2017,7
Oman,OMN,1990,40
Oman,OMN,1995,40
Oman,OMN,2000,40
Oman,OMN,2005,40
Oman,OMN,2010,38
Oman,OMN,2011,39
Oman,OMN,2012,41
Oman,OMN,2013,41
Oman,OMN,2014,38
Oman,OMN,2015,43
Oman,OMN,2016,42
Oman,OMN,2017,41
Pakistan,PAK,1990,60
Pakistan,PAK,1995,61
Pakistan,PAK,2000,61
Pakistan,PAK,2005,63
Pakistan,PAK,2010,68
Pakistan,PAK,2011,69
Pakistan,PAK,2012,62
Pakistan,PAK,2013,61
Pakistan,PAK,2014,60
Pakistan,PAK,2015,60
Pakistan,PAK,2016,59
Pakistan,PAK,2017,58
Palestine,PSE,1990,34
Palestine,PSE,1995,34
Palestine,PSE,2000,34
Palestine,PSE,2005,32
Palestine,PSE,2010,33
Palestine,PSE,2011,33
Palestine,PSE,2012,33
Palestine,PSE,2013,33
Palestine,PSE,2014,33
Palestine,PSE,2015,34
Palestine,PSE,2016,33
Palestine,PSE,2017,33
Panama,PAN,1990,13
Panama,PAN,1995,13
Panama,PAN,2000,14
Panama,PAN,2005,14
Panama,PAN,2010,14
Panama,PAN,2011,14
Panama,PAN,2012,14
Panama,PAN,2013,13
Panama,PAN,2014,13
Panama,PAN,2015,12
Panama,PAN,2016,11
Panama,PAN,2017,11
Papua New Guinea,PNG,1990,15
Papua New Guinea,PNG,1995,15
Papua New Guinea,PNG,2000,15
Papua New Guinea,PNG,2005,15
Papua New Guinea,PNG,2010,15
Papua New Guinea,PNG,2011,16
Papua New Guinea,PNG,2012,15
Papua New Guinea,PNG,2013,14
Papua New Guinea,PNG,2014,13
Papua New Guinea,PNG,2015,13
Papua New Guinea,PNG,2016,13
Papua New Guinea,PNG,2017,12
Paraguay,PRY,1990,14
Paraguay,PRY,1995,14
Paraguay,PRY,2000,14
Paraguay,PRY,2005,15
Paraguay,PRY,2010,15
Paraguay,PRY,2011,15
Paraguay,PRY,2012,14
Paraguay,PRY,2013,13
Paraguay,PRY,2014,13
Paraguay,PRY,2015,13
Paraguay,PRY,2016,12
Paraguay,PRY,2017,12
Peru,PER,1990,29
Peru,PER,1995,30
Peru,PER,2000,30
Peru,PER,2005,32
Peru,PER,2010,32
Peru,PER,2011,32
Peru,PER,2012,30
Peru,PER,2013,30
Peru,PER,2014,28
Peru,PER,2015,26
Peru,PER,2016,26
Peru,PER,2017,25
Philippines,PHL,1990,22
Philippines,PHL,1995,22
Philippines,PHL,2000,22
Philippines,PHL,2005,23
Philippines,PHL,2010,24
Philippines,PHL,2011,23
Philippines,PHL,2012,23
Philippines,PHL,2013,21
Philippines,PHL,2014,20
Philippines,PHL,2015,20
Philippines,PHL,2016,18
Philippines,PHL,2017,18
Poland,POL,1990,30
Poland,POL,1995,28
Poland,POL,2000,26
Poland,POL,2005,26
Poland,POL,2010,27
Poland,POL,2011,26
Poland,POL,2012,24
Poland,POL,2013,23
Poland,POL,2014,22
Poland,POL,2015,23
Poland,POL,2016,21
Poland,POL,2017,21
Portugal,PRT,1990,10
Portugal,PRT,1995,10
Portugal,PRT,2000,10
Portugal,PRT,2005,10
Portugal,PRT,2010,10
Portugal,PRT,2011,10
Portugal,PRT,2012,9.5
Portugal,PRT,2013,9.4
Portugal,PRT,2014,8.8
Portugal,PRT,2015,8.8
Portugal,PRT,2016,8.1
Portugal,PRT,2017,8.2
Puerto Rico,PRI,1990,8.2
Puerto Rico,PRI,1995,8.2
Puerto Rico,PRI,2000,10
Puerto Rico,PRI,2005,10
Puerto Rico,PRI,2010,10
Puerto Rico,PRI,2011,11
Puerto Rico,PRI,2012,10
Puerto Rico,PRI,2013,9.7
Puerto Rico,PRI,2014,9.1
Puerto Rico,PRI,2015,8.9
Puerto Rico,PRI,2016,8.3
Puerto Rico,PRI,2017,8.3
Qatar,QAT,1990,92
Qatar,QAT,1995,90
Qatar,QAT,2000,84
Qatar,QAT,2005,85
Qatar,QAT,2010,84
Qatar,QAT,2011,81
Qatar,QAT,2012,89
Qatar,QAT,2013,89
Qatar,QAT,2014,79
Qatar,QAT,2015,94
Qatar,QAT,2016,88
Qatar,QAT,2017,91
Romania,ROU,1990,20
Romania,ROU,1995,19
Romania,ROU,2000,18
Romania,ROU,2005,17
Romania,ROU,2010,17
Romania,ROU,2011,18
Romania,ROU,2012,16
Romania,ROU,2013,15
Romania,ROU,2014,15
Romania,ROU,2015,15
Romania,ROU,2016,15
Romania,ROU,2017,15
Russian Federation,RUS,1990,21
Russian Federation,RUS,1995,20
Russian Federation,RUS,2000,19
Russian Federation,RUS,2005,19
Russian Federation,RUS,2010,19
Russian Federation,RUS,2011,19
Russian Federation,RUS,2012,18
Russian Federation,RUS,2013,18
Russian Federation,RUS,2014,17
Russian Federation,RUS,2015,17
Russian Federation,RUS,2016,16
Russian Federation,RUS,2017,16
Rwanda,RWA,1990,46
Rwanda,RWA,1995,44
Rwanda,RWA,2000,43
Rwanda,RWA,2005,43
Rwanda,RWA,2010,41
Rwanda,RWA,2011,43
Rwanda,RWA,2012,45
Rwanda,RWA,2013,44
Rwanda,RWA,2014,42
Rwanda,RWA,2015,43
Rwanda,RWA,2016,43
Rwanda,RWA,2017,43
Saint Lucia,LCA,1990,27
Saint Lucia,LCA,1995,27
Saint Lucia,LCA,2000,27
Saint Lucia,LCA,2005,27
Saint Lucia,LCA,2010,28
Saint Lucia,LCA,2011,28
Saint Lucia,LCA,2012,26
Saint Lucia,LCA,2013,25
Saint Lucia,LCA,2014,24
Saint Lucia,LCA,2015,24
Saint Lucia,LCA,2016,22
Saint Lucia,LCA,2017,22
Saint Vincent and the Grenadines,VCT,1990,27
Saint Vincent and the Grenadines,VCT,1995,27
Saint Vincent and the Grenadines,VCT,2000,27
Saint Vincent and the Grenadines,VCT,2005,27
Saint Vincent and the Grenadines,VCT,2010,26
Saint Vincent and the Grenadines,VCT,2011,28
Saint Vincent and the Grenadines,VCT,2012,26
Saint Vincent and the Grenadines,VCT,2013,25
Saint Vincent and the Grenadines,VCT,2014,23
Saint Vincent and the Grenadines,VCT,2015,23
Saint Vincent and the Grenadines,VCT,2016,22
Saint Vincent and the Grenadines,VCT,2017,22
Samoa,WSM,1990,14
Samoa,WSM,1995,14
Samoa,WSM,2000,14
Samoa,WSM,2005,14
Samoa,WSM,2010,14
Samoa,WSM,2011,15
Samoa,WSM,2012,14
Samoa,WSM,2013,13
Samoa,WSM,2014,13
Samoa,WSM,2015,12
Samoa,WSM,2016,11
Samoa,WSM,2017,12
Sao Tome and Principe,STP,1990,30
Sao Tome and Principe,STP,1995,30
Sao Tome and Principe,STP,2000,30
Sao Tome and Principe,STP,2005,29
Sao Tome and Principe,STP,2010,27
Sao Tome and Principe,STP,2011,28
Sao Tome and Principe,STP,2012,26
Sao Tome and Principe,STP,2013,28
Sao Tome and Principe,STP,2014,28
Sao Tome and Principe,STP,2015,28
Sao Tome and Principe,STP,2016,29
Sao Tome and Principe,STP,2017,29
Saudi Arabia,SAU,1990,71
Saudi Arabia,SAU,1995,73
Saudi Arabia,SAU,2000,79
Saudi Arabia,SAU,2005,76
Saudi Arabia,SAU,2010,82
Saudi Arabia,SAU,2011,82
Saudi Arabia,SAU,2012,86
Saudi Arabia,SAU,2013,84
Saudi Arabia,SAU,2014,76
Saudi Arabia,SAU,2015,97
Saudi Arabia,SAU,2016,84
Saudi Arabia,SAU,2017,88
Senegal,SEN,1990,41
Senegal,SEN,1995,42
Senegal,SEN,2000,41
Senegal,SEN,2005,36
Senegal,SEN,2010,35
Senegal,SEN,2011,36
Senegal,SEN,2012,36
Senegal,SEN,2013,34
Senegal,SEN,2014,37
Senegal,SEN,2015,44
Senegal,SEN,2016,39
Senegal,SEN,2017,41
Serbia,SRB,1990,31
Serbia,SRB,1995,30
Serbia,SRB,2000,29
Serbia,SRB,2005,30
Serbia,SRB,2010,29
Serbia,SRB,2011,31
Serbia,SRB,2012,29
Serbia,SRB,2013,27
Serbia,SRB,2014,26
Serbia,SRB,2015,27
Serbia,SRB,2016,25
Serbia,SRB,2017,25
Seychelles,SYC,1990,22
Seychelles,SYC,1995,22
Seychelles,SYC,2000,22
Seychelles,SYC,2005,22
Seychelles,SYC,2010,21
Seychelles,SYC,2011,22
Seychelles,SYC,2012,21
Seychelles,SYC,2013,21
Seychelles,SYC,2014,21
Seychelles,SYC,2015,20
Seychelles,SYC,2016,20
Seychelles,SYC,2017,20
Sierra Leone,SLE,1990,21
Sierra Leone,SLE,1995,20
Sierra Leone,SLE,2000,21
Sierra Leone,SLE,2005,19
Sierra Leone,SLE,2010,19
Sierra Leone,SLE,2011,19
Sierra Leone,SLE,2012,20
Sierra Leone,SLE,2013,18
Sierra Leone,SLE,2014,18
Sierra Leone,SLE,2015,23
Sierra Leone,SLE,2016,21
Sierra Leone,SLE,2017,22
Singapore,SGP,1990,19
Singapore,SGP,1995,19
Singapore,SGP,2000,19
Singapore,SGP,2005,21
Singapore,SGP,2010,21
Singapore,SGP,2011,19
Singapore,SGP,2012,21
Singapore,SGP,2013,19
Singapore,SGP,2014,17
Singapore,SGP,2015,21
Singapore,SGP,2016,19
Singapore,SGP,2017,19
Slovakia,SVK,1990,25
Slovakia,SVK,1995,23
Slovakia,SVK,2000,22
Slovakia,SVK,2005,22
Slovakia,SVK,2010,22
Slovakia,SVK,2011,22
Slovakia,SVK,2012,20
Slovakia,SVK,2013,19
Slovakia,SVK,2014,18
Slovakia,SVK,2015,19
Slovakia,SVK,2016,17
Slovakia,SVK,2017,18
Slovenia,SVN,1990,22
Slovenia,SVN,1995,21
Slovenia,SVN,2000,19
Slovenia,SVN,2005,19
Slovenia,SVN,2010,19
Slovenia,SVN,2011,20
Slovenia,SVN,2012,18
Slovenia,SVN,2013,18
Slovenia,SVN,2014,17
Slovenia,SVN,2015,17
Slovenia,SVN,2016,16
Slovenia,SVN,2017,16
Solomon Islands,SLB,1990,14
Solomon Islands,SLB,1995,13
Solomon Islands,SLB,2000,14
Solomon Islands,SLB,2005,14
Solomon Islands,SLB,2010,14
Solomon Islands,SLB,2011,14
Solomon Islands,SLB,2012,13
Solomon Islands,SLB,2013,13
Solomon Islands,SLB,2014,12
Solomon Islands,SLB,2015,13
Solomon Islands,SLB,2016,12
Solomon Islands,SLB,2017,12
Somalia,SOM,1990,32
Somalia,SOM,1995,30
Somalia,SOM,2000,31
Somalia,SOM,2005,30
Somalia,SOM,2010,29
Somalia,SOM,2011,31
Somalia,SOM,2012,32
Somalia,SOM,2013,30
Somalia,SOM,2014,30
Somalia,SOM,2015,32
Somalia,SOM,2016,32
Somalia,SOM,2017,32
South Africa,ZAF,1990,26
South Africa,ZAF,1995,26
South Africa,ZAF,2000,27
South Africa,ZAF,2005,26
South Africa,ZAF,2010,27
South Africa,ZAF,2011,27
South Africa,ZAF,2012,27
South Africa,ZAF,2013,27
South Africa,ZAF,2014,27
South Africa,ZAF,2015,26
South Africa,ZAF,2016,25
South Africa,ZAF,2017,25
South Korea,KOR,1990,29
South Korea,KOR,1995,30
South Korea,KOR,2000,30
South Korea,KOR,2005,30
South Korea,KOR,2010,30
South Korea,KOR,2011,30
South Korea,KOR,2012,28
South Korea,KOR,2013,29
South Korea,KOR,2014,27
South Korea,KOR,2015,28
South Korea,KOR,2016,25
South Korea,KOR,2017,25
South Sudan,SSD,1990,46
South Sudan,SSD,1995,45
South Sudan,SSD,2000,44
South Sudan,SSD,2005,44
South Sudan,SSD,2010,43
South Sudan,SSD,2011,45
South Sudan,SSD,2012,44
South Sudan,SSD,2013,43
South Sudan,SSD,2014,42
South Sudan,SSD,2015,48
South Sudan,SSD,2016,45
South Sudan,SSD,2017,46
Spain,ESP,1990,12
Spain,ESP,1995,12
Spain,ESP,2000,12
Spain,ESP,2005,12
Spain,ESP,2010,11
Spain,ESP,2011,12
Spain,ESP,2012,11
Spain,ESP,2013,11
Spain,ESP,2014,10
Spain,ESP,2015,10
Spain,ESP,2016,9.7
Spain,ESP,2017,9.7
Sri Lanka,LKA,1990,30
Sri Lanka,LKA,1995,30
Sri Lanka,LKA,2000,31
Sri Lanka,LKA,2005,31
Sri Lanka,LKA,2010,31
Sri Lanka,LKA,2011,31
Sri Lanka,LKA,2012,30
Sri Lanka,LKA,2013,29
Sri Lanka,LKA,2014,27
Sri Lanka,LKA,2015,25
Sri Lanka,LKA,2016,14
Sri Lanka,LKA,2017,11
Sudan,SDN,1990,51
Sudan,SDN,1995,52
Sudan,SDN,2000,49
Sudan,SDN,2005,50
Sudan,SDN,2010,47
Sudan,SDN,2011,51
Sudan,SDN,2012,50
Sudan,SDN,2013,48
Sudan,SDN,2014,48
Sudan,SDN,2015,59
Sudan,SDN,2016,54
Sudan,SDN,2017,55
Suriname,SUR,1990,30
Suriname,SUR,1995,30
Suriname,SUR,2000,29
Suriname,SUR,2005,30
Suriname,SUR,2010,30
Suriname,SUR,2011,31
Suriname,SUR,2012,29
Suriname,SUR,2013,29
Suriname,SUR,2014,26
Suriname,SUR,2015,26
Suriname,SUR,2016,25
Suriname,SUR,2017,25
Swaziland,SWZ,1990,19
Swaziland,SWZ,1995,18
Swaziland,SWZ,2000,19
Swaziland,SWZ,2005,18
Swaziland,SWZ,2010,18
Swaziland,SWZ,2011,18
Swaziland,SWZ,2012,18
Swaziland,SWZ,2013,18
Swaziland,SWZ,2014,18
Swaziland,SWZ,2015,18
Swaziland,SWZ,2016,17
Swaziland,SWZ,2017,17
Sweden,SWE,1990,7.9
Sweden,SWE,1995,7.6
Sweden,SWE,2000,7.6
Sweden,SWE,2005,7.2
Sweden,SWE,2010,7.2
Sweden,SWE,2011,7.4
Sweden,SWE,2012,6.6
Sweden,SWE,2013,6.4
Sweden,SWE,2014,7
Sweden,SWE,2015,6.3
Sweden,SWE,2016,6.1
Sweden,SWE,2017,6.2
Switzerland,CHE,1990,14
Switzerland,CHE,1995,13
Switzerland,CHE,2000,13
Switzerland,CHE,2005,13
Switzerland,CHE,2010,13
Switzerland,CHE,2011,13
Switzerland,CHE,2012,12
Switzerland,CHE,2013,12
Switzerland,CHE,2014,11
Switzerland,CHE,2015,11
Switzerland,CHE,2016,10
Switzerland,CHE,2017,10
Syria,SYR,1990,47
Syria,SYR,1995,45
Syria,SYR,2000,42
Syria,SYR,2005,40
Syria,SYR,2010,43
Syria,SYR,2011,41
Syria,SYR,2012,41
Syria,SYR,2013,42
Syria,SYR,2014,42
Syria,SYR,2015,44
Syria,SYR,2016,44
Syria,SYR,2017,44
Taiwan,TWN,1990,27
Taiwan,TWN,1995,27
Taiwan,TWN,2000,29
Taiwan,TWN,2005,30
Taiwan,TWN,2010,30
Taiwan,TWN,2011,30
Taiwan,TWN,2012,28
Taiwan,TWN,2013,28
Taiwan,TWN,2014,26
Taiwan,TWN,2015,25
Taiwan,TWN,2016,23
Taiwan,TWN,2017,23
Tajikistan,TJK,1990,51
Tajikistan,TJK,1995,52
Tajikistan,TJK,2000,51
Tajikistan,TJK,2005,49
Tajikistan,TJK,2010,50
Tajikistan,TJK,2011,54
Tajikistan,TJK,2012,49
Tajikistan,TJK,2013,50
Tajikistan,TJK,2014,46
Tajikistan,TJK,2015,48
Tajikistan,TJK,2016,43
Tajikistan,TJK,2017,46
Tanzania,TZA,1990,30
Tanzania,TZA,1995,29
Tanzania,TZA,2000,29
Tanzania,TZA,2005,30
Tanzania,TZA,2010,29
Tanzania,TZA,2011,29
Tanzania,TZA,2012,30
Tanzania,TZA,2013,29
Tanzania,TZA,2014,29
Tanzania,TZA,2015,28
Tanzania,TZA,2016,28
Tanzania,TZA,2017,29
Thailand,THA,1990,31
Thailand,THA,1995,31
Thailand,THA,2000,31
Thailand,THA,2005,32
Thailand,THA,2010,32
Thailand,THA,2011,32
Thailand,THA,2012,32
Thailand,THA,2013,31
Thailand,THA,2014,29
Thailand,THA,2015,27
Thailand,THA,2016,26
Thailand,THA,2017,26
The Bahamas,BHS,1990,21
The Bahamas,BHS,1995,21
The Bahamas,BHS,2000,21
The Bahamas,BHS,2005,21
The Bahamas,BHS,2010,21
The Bahamas,BHS,2011,22
The Bahamas,BHS,2012,20
The Bahamas,BHS,2013,20
The Bahamas,BHS,2014,18
The Bahamas,BHS,2015,19
The Bahamas,BHS,2016,18
The Bahamas,BHS,2017,17
The Gambia,GMB,1990,35
The Gambia,GMB,1995,35
The Gambia,GMB,2000,35
The Gambia,GMB,2005,30
The Gambia,GMB,2010,30
The Gambia,GMB,2011,29
The Gambia,GMB,2012,31
The Gambia,GMB,2013,30
The Gambia,GMB,2014,31
The Gambia,GMB,2015,36
The Gambia,GMB,2016,33
The Gambia,GMB,2017,34
Timor-Leste,TLS,1990,23
Timor-Leste,TLS,1995,23
Timor-Leste,TLS,2000,24
Timor-Leste,TLS,2005,23
Timor-Leste,TLS,2010,23
Timor-Leste,TLS,2011,24
Timor-Leste,TLS,2012,22
Timor-Leste,TLS,2013,22
Timor-Leste,TLS,2014,20
Timor-Leste,TLS,2015,21
Timor-Leste,TLS,2016,20
Timor-Leste,TLS,2017,19
Togo,TGO,1990,38
Togo,TGO,1995,38
Togo,TGO,2000,38
Togo,TGO,2005,31
Togo,TGO,2010,31
Togo,TGO,2011,31
Togo,TGO,2012,31
Togo,TGO,2013,30
Togo,TGO,2014,29
Togo,TGO,2015,38
Togo,TGO,2016,37
Togo,TGO,2017,36
Tonga,TON,1990,13
Tonga,TON,1995,13
Tonga,TON,2000,13
Tonga,TON,2005,13
Tonga,TON,2010,14
Tonga,TON,2011,14
Tonga,TON,2012,12
Tonga,TON,2013,12
Tonga,TON,2014,12
Tonga,TON,2015,11
Tonga,TON,2016,11
Tonga,TON,2017,11
Trinidad and Tobago,TTO,1990,29
Trinidad and Tobago,TTO,1995,29
Trinidad and Tobago,TTO,2000,29
Trinidad and Tobago,TTO,2005,30
Trinidad and Tobago,TTO,2010,29
Trinidad and Tobago,TTO,2011,30
Trinidad and Tobago,TTO,2012,28
Trinidad and Tobago,TTO,2013,27
Trinidad and Tobago,TTO,2014,25
Trinidad and Tobago,TTO,2015,25
Trinidad and Tobago,TTO,2016,24
Trinidad and Tobago,TTO,2017,24
Tunisia,TUN,1990,36
Tunisia,TUN,1995,36
Tunisia,TUN,2000,36
Tunisia,TUN,2005,34
Tunisia,TUN,2010,36
Tunisia,TUN,2011,34
Tunisia,TUN,2012,33
Tunisia,TUN,2013,36
Tunisia,TUN,2014,35
Tunisia,TUN,2015,36
Tunisia,TUN,2016,38
Tunisia,TUN,2017,38
Turkey,TUR,1990,43
Turkey,TUR,1995,42
Turkey,TUR,2000,43
Turkey,TUR,2005,41
Turkey,TUR,2010,44
Turkey,TUR,2011,41
Turkey,TUR,2012,42
Turkey,TUR,2013,42
Turkey,TUR,2014,43
Turkey,TUR,2015,45
Turkey,TUR,2016,44
Turkey,TUR,2017,44
Turkmenistan,TKM,1990,25
Turkmenistan,TKM,1995,25
Turkmenistan,TKM,2000,25
Turkmenistan,TKM,2005,24
Turkmenistan,TKM,2010,25
Turkmenistan,TKM,2011,25
Turkmenistan,TKM,2012,24
Turkmenistan,TKM,2013,24
Turkmenistan,TKM,2014,22
Turkmenistan,TKM,2015,23
Turkmenistan,TKM,2016,22
Turkmenistan,TKM,2017,22
Uganda,UGA,1990,48
Uganda,UGA,1995,48
Uganda,UGA,2000,46
Uganda,UGA,2005,46
Uganda,UGA,2010,45
Uganda,UGA,2011,47
Uganda,UGA,2012,50
Uganda,UGA,2013,48
Uganda,UGA,2014,47
Uganda,UGA,2015,49
Uganda,UGA,2016,52
Uganda,UGA,2017,50
Ukraine,UKR,1990,28
Ukraine,UKR,1995,26
Ukraine,UKR,2000,24
Ukraine,UKR,2005,24
Ukraine,UKR,2010,24
Ukraine,UKR,2011,24
Ukraine,UKR,2012,22
Ukraine,UKR,2013,22
Ukraine,UKR,2014,20
Ukraine,UKR,2015,21
Ukraine,UKR,2016,21
Ukraine,UKR,2017,20
United Arab Emirates,ARE,1990,40
United Arab Emirates,ARE,1995,40
United Arab Emirates,ARE,2000,40
United Arab Emirates,ARE,2005,39
United Arab Emirates,ARE,2010,39
United Arab Emirates,ARE,2011,39
United Arab Emirates,ARE,2012,39
United Arab Emirates,ARE,2013,40
United Arab Emirates,ARE,2014,38
United Arab Emirates,ARE,2015,42
United Arab Emirates,ARE,2016,41
United Arab Emirates,ARE,2017,41
United Kingdom,GBR,1990,14
United Kingdom,GBR,1995,13
United Kingdom,GBR,2000,13
United Kingdom,GBR,2005,13
United Kingdom,GBR,2010,12
United Kingdom,GBR,2011,13
United Kingdom,GBR,2012,12
United Kingdom,GBR,2013,12
United Kingdom,GBR,2014,11
United Kingdom,GBR,2015,11
United Kingdom,GBR,2016,11
United Kingdom,GBR,2017,10
United States,USA,1990,9.7
United States,USA,1995,9.6
United States,USA,2000,9.5
United States,USA,2005,9.6
United States,USA,2010,9.4
United States,USA,2011,9.7
United States,USA,2012,9
United States,USA,2013,8.7
United States,USA,2014,8.2
United States,USA,2015,8.1
United States,USA,2016,7.4
United States,USA,2017,7.4
Uruguay,URY,1990,11
Uruguay,URY,1995,11
Uruguay,URY,2000,11
Uruguay,URY,2005,11
Uruguay,URY,2010,11
Uruguay,URY,2011,11
Uruguay,URY,2012,11
Uruguay,URY,2013,10
Uruguay,URY,2014,9.9
Uruguay,URY,2015,9.7
Uruguay,URY,2016,9.2
Uruguay,URY,2017,9.3
Uzbekistan,UZB,1990,36
Uzbekistan,UZB,1995,35
Uzbekistan,UZB,2000,32
Uzbekistan,UZB,2005,32
Uzbekistan,UZB,2010,32
Uzbekistan,UZB,2011,34
Uzbekistan,UZB,2012,32
Uzbekistan,UZB,2013,31
Uzbekistan,UZB,2014,29
Uzbekistan,UZB,2015,30
Uzbekistan,UZB,2016,28
Uzbekistan,UZB,2017,28
Vanuatu,VUT,1990,14
Vanuatu,VUT,1995,14
Vanuatu,VUT,2000,14
Vanuatu,VUT,2005,14
Vanuatu,VUT,2010,14
Vanuatu,VUT,2011,14
Vanuatu,VUT,2012,13
Vanuatu,VUT,2013,13
Vanuatu,VUT,2014,12
Vanuatu,VUT,2015,12
Vanuatu,VUT,2016,12
Vanuatu,VUT,2017,12
Venezuela,VEN,1990,21
Venezuela,VEN,1995,21
Venezuela,VEN,2000,22
Venezuela,VEN,2005,22
Venezuela,VEN,2010,22
Venezuela,VEN,2011,22
Venezuela,VEN,2012,21
Venezuela,VEN,2013,20
Venezuela,VEN,2014,19
Venezuela,VEN,2015,18
Venezuela,VEN,2016,17
Venezuela,VEN,2017,17
Vietnam,VNM,1990,36
Vietnam,VNM,1995,36
Vietnam,VNM,2000,36
Vietnam,VNM,2005,38
Vietnam,VNM,2010,39
Vietnam,VNM,2011,38
Vietnam,VNM,2012,37
Vietnam,VNM,2013,37
Vietnam,VNM,2014,35
Vietnam,VNM,2015,32
Vietnam,VNM,2016,30
Vietnam,VNM,2017,30
"Virgin Islands, U.S.",VIR,1990,10
"Virgin Islands, U.S.",VIR,1995,10
"Virgin Islands, U.S.",VIR,2000,13
"Virgin Islands, U.S.",VIR,2005,13
"Virgin Islands, U.S.",VIR,2010,13
"Virgin Islands, U.S.",VIR,2011,13
"Virgin Islands, U.S.",VIR,2012,12
"Virgin Islands, U.S.",VIR,2013,12
"Virgin Islands, U.S.",VIR,2014,11
"Virgin Islands, U.S.",VIR,2015,11
"Virgin Islands, U.S.",VIR,2016,10
"Virgin Islands, U.S.",VIR,2017,10
Yemen,YEM,1990,49
Yemen,YEM,1995,50
Yemen,YEM,2000,51
Yemen,YEM,2005,45
Yemen,YEM,2010,46
Yemen,YEM,2011,51
Yemen,YEM,2012,51
Yemen,YEM,2013,53
Yemen,YEM,2014,48
Yemen,YEM,2015,54
Yemen,YEM,2016,50
Yemen,YEM,2017,50
Zambia,ZMB,1990,33
Zambia,ZMB,1995,31
Zambia,ZMB,2000,31
Zambia,ZMB,2005,29
Zambia,ZMB,2010,29
Zambia,ZMB,2011,29
Zambia,ZMB,2012,30
Zambia,ZMB,2013,29
Zambia,ZMB,2014,28
Zambia,ZMB,2015,28
Zambia,ZMB,2016,27
Zambia,ZMB,2017,27
Zimbabwe,ZWE,1990,23
Zimbabwe,ZWE,1995,23
Zimbabwe,ZWE,2000,23
Zimbabwe,ZWE,2005,23
Zimbabwe,ZWE,2010,23
Zimbabwe,ZWE,2011,23
Zimbabwe,ZWE,2012,23
Zimbabwe,ZWE,2013,23
Zimbabwe,ZWE,2014,23
Zimbabwe,ZWE,2015,22
Zimbabwe,ZWE,2016,22
Zimbabwe,ZWE,2017,22
